Sample_ID,Absorbance,Concentration_M
S_1,0.45,8.181818181818182e-05
S_2,0.12,2.1818181818181818e-05
S_4,0.89,0.0001618181818181818
S_6,0.33,6e-05
S_7,0.21,3.818181818181818e-05
S_8,0.44,8e-05
S_9,0.9,0.00016363636363636363
S_10,0.15,2.7272727272727273e-05
